started_at,title,count
2017-12-15,はんなりPython #1,1
2018-01-19,はんなりPython #2,1
2018-02-16,はんなりPython #3,1
2018-03-08,京都　資産運用超入門,1
2018-03-16,はんなりPython #4 LT大会 with Beer,1
2018-04-20,はんなりPython #5,1
2018-05-18,はんなりPython #6,1
2018-06-15,はんなりPython #7 Coding Night,1
2018-07-20,はんなりPython #8,1
2018-09-21,はんなりPython #9 Scraping hands on,1
2018-10-19,はんなりPython #10,1
2018-11-16,はんなりPython #11 Dash hands on,1
2018-12-21,はんなりPython #12 忘年LT会もあるよ,1
2018-12-21,はんなりPythonの会 #12 忘年会,1
2019-01-07,サイゼリヤミートアップ #1,1
2019-01-18,はんなりPython #13 Dash hands on Returns,1
2019-02-15,はんなりPython #14,1
2019-03-15,はんなりPython #15　Pandas Hands-on,1
2019-03-24,はんなりPython+PyData Osakaの可視化特集会,1
2019-04-19,平成最後のはんなりPython #16  ディスカッション会,1
2019-05-17,はんなりPythonの会 #17 令和最初の発表会,1
2019-06-21,はんなりPython #18 Pandas Hands-on #2,1
2019-07-14,Python Kansai  #01,1
2019-07-19,はんなりPython #19  ディスカッション会,1
2019-08-10,サイゼリヤミートアップ #2,1
2019-09-20,はんなりPython #20 発表会,1
2019-10-16,はんなりPython #21 相談会,1
2019-11-15,はんなりPython #22 Hands-on,1
2019-12-06,みんなのはんなりPython勉強会,1
2019-12-08,PYTHON KANSAI #02,1
2019-12-20,はんなりPython #23 LT会,1
2020-01-17,はんなりPython #24 Hanpy Dojo,1
2020-01-31,サイゼリヤミートアップ #3,1
2020-02-21,はんなりPython #25 LT会,1
2020-02-28,はんなりPython mini プロコン部 #1,1
2020-03-19,【オンライン開催】はんなりPython #26 Dash Hands On,1
2020-04-01,【オンライン】はんなりPython Dash Hands On レイアウト編,1
2020-04-09,【オンライン】はんなりPython mini プロコン部 #2,1
2020-04-15,【オンライン】はんなりPython Dash Hands On コールバック編,1
2020-04-17,【オンライン】はんなりPython #27 LT会,1
2020-04-28,【オンライン】はんなりPython mini プロコン部 #3,1
2020-04-29,【オンライン】Dash Hands On #04 / アプリケーションをデプロイする,1
2020-04-30,【オンライン開催】サイゼリヤミートアップ #4,1
2020-05-13,【オンライン】Dash Hands On #05/ Dash BioとDashのコンポーネント作成法,1
2020-05-15,【オンライン】はんなりPython #28 LT会,1
2020-05-23,【オンライン】「ゼロから実践する 遺伝統計学セミナー〜疾患とゲノムを結びつける」を読む・手を動かす①,1
2020-05-27,【オンライン】はんなりPython mini AtCoder部 #4,1
2020-06-03,【オンライン】Dash Hands On #06/ Dashの復習と実践例,1
2020-06-06,【オンライン】「ゼロから実践する 遺伝統計学セミナー〜疾患とゲノムを結びつける」を読む・手を動かす②,1
2020-06-17,【オンライン】Dash Hands On #07/ Dash入門編ハンズオンとアプリ作成,1
2020-06-19,【オンライン】はんなりPython #29 LT会,1
2020-06-20,【オンライン】「ゼロから実践する 遺伝統計学セミナー〜疾患とゲノムを結びつける」を読む・手を動かす③,1
2020-06-22,【オンライン】Dash Hands On #分科会　deck.gl モクモク会,1
2020-06-24,【オンライン】はんなりPython mini AtCoder部 #5,1
2020-07-01,【オンライン】Dash Hands On #08/ わいわいダッシュボードを作ろう会,1
2020-07-04,【オンライン】「ゼロから実践する 遺伝統計学セミナー〜疾患とゲノムを結びつける」を読む・手を動かす④,1
2020-07-10,【オンライン】はんなりPython #30 Hanpy Dojo With Kyoto.rb,1
2020-07-14,【オンライン】Dash Hands On #09/ わいわいダッシュボードを作ろう会,1
2020-07-17,【オンライン】はんなりPython #31 LT会,1
2020-07-18,【オンライン】「ゼロから実践する 遺伝統計学セミナー〜疾患とゲノムを結びつける」を読む・手を動かす⑤,1
2020-07-28,【オンライン】はんなりPython データ分析部 #10,1
2020-07-29,【オンライン】はんなりPython mini AtCoder部 #6,1
2020-08-01,【オンライン】「ゼロから実践する 遺伝統計学セミナー〜疾患とゲノムを結びつける」を読む・手を動かす⑥,1
2020-08-07,はんなりPython FastAPIハンズオン,1
2020-08-11,【オンライン】はんなりPython #分科会　deck.gl モクモク会,1
2020-08-12,【オンライン】はんなりPython データ分析部 #11,1
2020-08-22,【オンライン】「ゼロから実践する 遺伝統計学セミナー〜疾患とゲノムを結びつける」を読む・手を動かす⑦,1
2020-08-26,【オンライン】はんなりPython mini AtCoder部 #7,1
2020-08-30,PyCon JP 2020 Tutorial（Zoom参加）,1
2020-09-05,【オンライン】「ゼロから実践する 遺伝統計学セミナー〜疾患とゲノムを結びつける」を読む・手を動かす⑧,1
2020-09-09,【オンライン】はんなりPython データ分析部 #12,1
2020-09-18,【オンライン】はんなりPython #32 標準ライブラリなLT会,1
2020-09-19,（日程変更）「ゼロから実践する 遺伝統計学セミナー〜疾患とゲノムを結びつける」を読む・手を動かす⑧,1
2020-09-25,Dash Hands On Returns,1
2020-09-30,【オンライン】はんなりPython mini AtCoder部 #8,1
2020-10-03,「ゼロから実践する 遺伝統計学セミナー〜疾患とゲノムを結びつける」を読む・手を動かす⑨,1
2020-10-16,【オンライン】はんなりPython #33 LT会,1
2020-10-28,【オンライン】はんなりPython mini AtCoder部 #9,1
2020-11-02,【オンライン開催】はんなりPython サイゼリヤミートアップ #5,1
2020-11-06,はんなり読書会,1
2020-11-14,「ゼロから実践する 遺伝統計学セミナー〜疾患とゲノムを結びつける」を読む・手を動かす⑩,1
2020-11-20,【オンライン】はんなりPython #34 python3.9を語る LT会,1
2020-11-25,【オンライン】はんなりプロコン AtCoder部 #10,1
2020-11-27,はんなり読書会,1
2020-11-29,(日曜午前)「ゼロから実践する 遺伝統計学セミナー〜疾患とゲノムを結びつける」を読む・手を動かす⑪,1
2020-11-30,はんなりPython アドベントカレンダー執筆会（前半戦むけ）,1
2020-12-04,はんなりkaggle部,1
2020-12-05,Plotly/Dashによるインタラクティブ・データ可視化ハンズオン,1
2020-12-11,はんなり読書会,1
2020-12-14,はんなりPython アドベントカレンダー執筆会（後半戦むけ）,1
2020-12-18,【オンライン】はんなりPython #35 2020年最後のLT会,1
2020-12-23,はんなりプロコン AtCoder部 #11,1
2021-01-27,はんなりプロコン AtCoder部 #12,1
